{
  "timestamp": "2025-10-15T16:34:20.796512",
  "test_configuration": {
    "model": "gemini-2.5-flash",
    "quota_limit": 10,
    "sample_size": 5
  },
  "metrics": [
    {
      "request_times": [
        21.297425270080566,
        13.078946590423584,
        18.797118425369263,
        19.631335020065308,
        20.571884870529175
      ],
      "success_count": 5,
      "error_count": 0,
      "quota_errors": 0,
      "rate_limit_errors": 0,
      "total_processing_time": 97.64515233039856,
      "average_response_time": 18.67534203529358,
      "median_response_time": 19.631335020065308,
      "min_response_time": 13.078946590423584,
      "max_response_time": 21.297425270080566,
      "requests_per_minute": 3.0723491421765643,
      "estimated_time_per_1000": 327.922367254893
    }
  ],
  "optimization": {
    "optimal_delay": 1.8675342035293578,
    "batch_size": 10,
    "max_concurrent": 1,
    "checkpoint_frequency": 5,
    "recommended_daily_limit": 10368
  }
}